type,name,hours,count,pct,group,description
keyword,testing,1751.0,682,,,
keyword,dev,1721.2,448,,,
keyword,styling,1448.0,527,,,
keyword,updates,912.9,469,,,
keyword,design,876.5,299,,,
keyword,mobile,775.1,234,,,
keyword,calls,719.4,712,,,
keyword,review,685.5,607,,,
keyword,components,462.4,176,,,
keyword,content,447.8,190,,,
category_group,Technical,6671.0,,41.5,,
category_group,Site Work,4619.2,,28.7,,
category_group,QA & Support,3128.4,,19.5,,
category_group,Communication,2431.8,,15.1,,
category_group,Design,1912.4,,11.9,,
category_group,Admin,1396.5,,8.7,,
category_group,AI/Automation,69.3,,0.4,,
category,QA/Testing,2122.5,,13.2,QA & Support,
category,CSS/Styling,1738.1,,10.8,Technical,
category,Templates,1687.6,,10.5,Site Work,
category,Meetings,1185.7,,7.4,Communication,
category,Navigation/Menu,1176.5,,7.3,Technical,
category,Migration/Import,1048.3,,6.5,Technical,
category,Troubleshooting,1005.9,,6.3,QA & Support,
category,Page Building,999.5,,6.2,Site Work,
category,Blog Work,904.2,,5.6,Site Work,
category,Research/Documentation,864.0,,5.4,Admin,
category,Images/Graphics,852.3,,5.3,Design,
category,Components/Modules,822.3,,5.1,Technical,
category,Content Updates,683.3,,4.2,Site Work,
category,Forms,680.5,,4.2,Technical,
category,Server/Hosting,509.1,,3.2,Technical,
tech,CSS/Tailwind,1359.7,489,,,
tech,Drupal,1005.4,333,,,
tech,Git/DevOps,409.8,280,,,
tech,JavaScript,241.5,87,,,
tech,React,118.5,32,,,
tech,WordPress,116.5,53,,,
tech,Adobe AEM,54.5,22,,,
tech,Pantheon,41.8,17,,,
tech,Salesforce,41.5,15,,,
tech,Acquia,9.3,7,,,
work_type,Implementation,7616.0,,,,"build, test, design, create"
work_type,Strategy/Coordination,2528.8,,,,"calls, meetings, PM, planning"
work_type,Maintenance,2033.8,,,,"updates, support, troubleshooting"
